AttendanceID,StudentID,CourseID,Date,AttendanceStatus
A3001,STU1004,C122,2023/12/14,late 
A3002,STU1004,C105,28-Oct-2023,Late
A3003,STU1004,C127,11-20-2024,late 
A3004,STU1004,C126,2023/06/15,ABSENT
A3005,STU1004,C110,2024-12-08,late 
A3006,STU1004,C105,27/06/2023,present
A3007,STU1004,C120,2024-05-18,Late
A3008,STU1053,C110,29/08/2023,Present
A3009,STU1053,C101,01-03-2024,A
A3010,STU1053,C122,12/06/2023,Present
A3011,STU1053,C126,03-07-2023,Late
A3012,STU1053,C104,24/09/2024,Absent
A3013,STU1053,C118,18-Aug-2023,P
A3014,STU1197,C126,2023-12-30,P
A3015,STU1197,C105,2024/12/07,Absent
A3016,STU1197,C123,21-Feb-2023,late 
A3017,STU1197,C127,2023-04-24,Absent
A3018,STU1197,C127,2024-07-29,Absent
A3019,STU1175,C121,01/05/2023,A
A3020,STU1175,C106,27-Oct-2023,late 
A3021,STU1175,C124,12/04/2023,A
A3022,STU1175,C111,2023-05-22,ABSENT
A3023,STU1145,C114,07/01/2023,late 
A3024,STU1145,C111,2023/10/21,present
A3025,STU1145,C103,09-30-2023,Late
A3026,STU1145,C112,06/10/2024,present
A3027,STU1145,C125,26-Jun-2024,ABSENT
A3028,STU1145,C105,15-Mar-2024,Late
A3029,STU1143,C117,11-29-2024,Present
A3030,STU1143,C115,2023-05-30,Absent
A3031,STU1143,C103,12-13-2023,Late
A3032,STU1143,C125,18-Jun-2023,Present
A3033,STU1143,C113,07/02/2023,Present
A3034,STU1143,C121,2024/12/31,P
A3035,STU1059,C113,2024/11/28,P
A3036,STU1059,C124,11-18-2023,Present
A3037,STU1059,C127,2023/10/14,present
A3038,STU1059,C123,18-Feb-2024,ABSENT
A3039,STU1059,C118,2024/10/01,late 
A3040,STU1059,C123,20-Dec-2023,ABSENT
A3041,STU1147,C103,2023/02/07,A
A3042,STU1147,C113,2023/05/10,P
A3043,STU1147,C107,2023/04/06,P
A3044,STU1147,C117,15/12/2023,Present
A3045,STU1147,C101,2024/07/06,P
A3046,STU1012,C127,08-Nov-2023,Absent
A3047,STU1012,C124,03-03-2023,P
A3048,STU1012,C121,06-03-2024,Absent
A3049,STU1012,C102,2024-10-28,late 
A3050,STU1095,C119,06-Jan-2023,A
A3051,STU1095,C108,2024/08/18,ABSENT
A3052,STU1095,C112,11-03-2023,present
A3053,STU1095,C123,2024/01/22,ABSENT
A3054,STU1095,C104,2023/12/02,ABSENT
A3055,STU1157,C115,11/04/2023,Late
A3056,STU1157,C127,2024-02-26,Absent
A3057,STU1157,C102,11/03/2024,late 
A3058,STU1157,C107,2024-04-01,A
A3059,STU1157,C122,22-Jun-2024,Late
A3060,STU1182,C119,25-May-2024,late 
A3061,STU1182,C123,16-May-2024,present
A3062,STU1182,C105,01/06/2024,late 
A3063,STU1182,C123,13/04/2024,Absent
A3064,STU1182,C123,06-Aug-2023,late 
A3065,STU1139,C124,2023/06/10,A
A3066,STU1139,C104,08-Sep-2024,Absent
A3067,STU1139,C104,2024/01/14,P
A3068,STU1140,C117,2023-06-06,A
A3069,STU1140,C110,01-19-2024,P
A3070,STU1140,C116,29/01/2023,present
A3071,STU1015,C114,02-19-2023,P
A3072,STU1015,C107,07-Jul-2023,Present
A3073,STU1015,C104,07-14-2024,Absent
A3074,STU1015,C102,03-Mar-2024,P
A3075,STU1015,C119,04-08-2024,Late
A3076,STU1015,C116,12/09/2024,present
A3077,STU1015,C117,13-Oct-2024,late 
A3078,STU1025,C115,06-02-2023,Absent
A3079,STU1025,C126,2024/10/01,Late
A3080,STU1025,C113,27-Aug-2023,A
A3081,STU1025,C118,16-Feb-2023,P
A3082,STU1025,C121,01/04/2023,Present
A3083,STU1025,C119,10-07-2024,Absent
A3084,STU1025,C121,2024-07-26,ABSENT
A3085,STU1025,C120,2024/07/08,Present
A3086,STU1101,C117,13-Jul-2023,Present
A3087,STU1101,C104,2024/11/05,present
A3088,STU1101,C101,09/10/2023,ABSENT
A3089,STU1101,C127,2024/12/23,late 
A3090,STU1101,C103,2024/06/30,A
A3091,STU1101,C113,2024-08-26,late 
A3092,STU1101,C101,15-Dec-2023,present
A3093,STU1051,C101,06-24-2024,Late
A3094,STU1051,C109,2023-04-04,Absent
A3095,STU1051,C118,06-22-2023,present
A3096,STU1051,C106,2023-09-19,present
A3097,STU1051,C110,22/02/2024,Present
A3098,STU1051,C120,30/11/2023,Present
A3099,STU1141,C102,02-Nov-2023,Absent
A3100,STU1141,C111,26-May-2023,A
A3101,STU1141,C109,2024-01-20,Present
A3102,STU1141,C107,2023/09/03,ABSENT
A3103,STU1141,C116,2024/06/04,Late
A3104,STU1141,C104,2023-10-03,A
A3105,STU1141,C115,20-Jul-2024,Absent
A3106,STU1141,C116,30-Jan-2023,ABSENT
A3107,STU1133,C109,2024/07/21,Absent
A3108,STU1133,C108,22/07/2024,P
A3109,STU1133,C119,21-Feb-2024,Absent
A3110,STU1155,C117,28/07/2023,A
A3111,STU1155,C118,22/06/2023,Late
A3112,STU1155,C118,2024-04-07,Present
A3113,STU1155,C127,2024/04/20,P
A3114,STU1155,C121,2023-06-21,Present
A3115,STU1155,C116,2023/10/07,P
A3116,STU1155,C127,27-Nov-2024,A
A3117,STU1155,C127,09/10/2024,P
A3118,STU1135,C106,2024/06/30,Absent
A3119,STU1135,C110,02-Apr-2023,Absent
A3120,STU1135,C127,2023/05/24,P
A3121,STU1099,C107,2024/09/17,A
A3122,STU1099,C122,12-17-2023,late 
A3123,STU1099,C109,09-09-2023,A
A3124,STU1099,C107,2024/04/15,A
A3125,STU1099,C101,09/12/2024,Present
A3126,STU1099,C120,2024-05-02,Present
A3127,STU1188,C106,2024/02/28,late 
A3128,STU1188,C125,2024/02/07,Absent
A3129,STU1188,C126,2024-10-26,Present
A3130,STU1188,C127,18-Nov-2024,Absent
A3131,STU1188,C112,2024/01/21,A
A3132,STU1188,C113,2023-07-01,Absent
A3133,STU1188,C115,15/01/2024,late 
A3134,STU1188,C101,2023-08-15,P
A3135,STU1020,C123,02/01/2024,Absent
A3136,STU1020,C127,09-20-2024,ABSENT
A3137,STU1020,C108,05-20-2024,Present
A3138,STU1020,C109,2024/05/19,ABSENT
A3139,STU1020,C101,20-Jul-2023,Absent
A3140,STU1020,C109,2024/08/05,late 
A3141,STU1020,C106,19/07/2024,present
A3142,STU1020,C103,25/08/2024,Absent
A3143,STU1222,C109,06/08/2024,P
A3144,STU1222,C107,2024-11-25,P
A3145,STU1222,C122,27-Jul-2024,Present
A3146,STU1222,C114,2024-10-18,A
A3147,STU1094,C114,2023-10-08,late 
A3148,STU1094,C116,2024/01/06,Present
A3149,STU1094,C124,2023-08-18,P
A3150,STU1094,C114,29-Jun-2024,A
A3151,STU1094,C101,06/02/2024,A
A3152,STU1094,C103,2024-08-08,ABSENT
A3153,STU1129,C114,18/03/2023,ABSENT
A3154,STU1129,C106,12-04-2023,Absent
A3155,STU1129,C121,2024-10-02,Present
A3156,STU1129,C116,2024-03-18,A
A3157,STU1129,C127,14/09/2023,Absent
A3158,STU1129,C116,09-02-2023,Present
A3159,STU1129,C127,2023/12/08,ABSENT
A3160,STU1129,C103,2024/09/06,late 
A3161,STU1171,C121,2024/04/02,Absent
A3162,STU1171,C103,2023-03-04,Late
A3163,STU1171,C111,2024-12-11,present
A3164,STU1138,C126,2024-03-28,P
A3165,STU1138,C120,03-Oct-2024,Absent
A3166,STU1138,C104,2024-11-24,Present
A3167,STU1106,C113,2024-02-16,Late
A3168,STU1106,C108,2024/09/05,Present
A3169,STU1106,C115,29-Jan-2024,Late
A3170,STU1106,C120,2024-09-26,A
A3171,STU1106,C121,2024-11-22,late 
A3172,STU1070,C111,24/08/2024,Absent
A3173,STU1070,C104,2023/01/13,Absent
A3174,STU1070,C119,2023/07/18,present
A3175,STU1070,C121,06-05-2024,A
A3176,STU1070,C114,2024/05/07,late 
A3177,STU1070,C106,06/09/2023,Present
A3178,STU1070,C102,05-11-2023,Late
A3179,STU1148,C121,01-02-2024,present
A3180,STU1148,C105,04-25-2024,A
A3181,STU1148,C110,2024-01-13,present
A3182,STU1148,C102,2023/09/01,Present
A3183,STU1148,C114,19/12/2023,ABSENT
A3184,STU1148,C121,2023-07-26,A
A3185,STU1148,C107,14-Nov-2024,late 
A3186,STU1072,C123,2023/12/06,A
A3187,STU1072,C120,03-Nov-2023,A
A3188,STU1072,C106,18-Apr-2023,Present
A3189,STU1072,C116,2023-08-13,ABSENT
A3190,STU1072,C123,24-Aug-2023,ABSENT
A3191,STU1072,C108,05-07-2024,Late
A3192,STU1072,C107,14/02/2024,Present
A3193,STU1102,C101,03-17-2023,Present
A3194,STU1102,C118,28/04/2023,P
A3195,STU1102,C115,2023/07/19,A
A3196,STU1102,C102,31/01/2023,ABSENT
A3197,STU1102,C110,28/06/2023,P
A3198,STU1165,C106,2023/12/14,ABSENT
A3199,STU1165,C106,2023-07-20,present
A3200,STU1165,C127,2023-09-26,Present
A3201,STU1165,C127,24/11/2024,Late
A3202,STU1165,C121,04-24-2023,ABSENT
A3203,STU1165,C110,12/04/2024,A
A3204,STU1165,C126,17/01/2024,Late
A3205,STU1165,C123,2023-03-08,present
A3206,STU1151,C126,14/07/2023,Late
A3207,STU1151,C123,01-19-2024,Late
A3208,STU1151,C121,2023-09-08,ABSENT
A3209,STU1151,C118,29/10/2023,A
A3210,STU1213,C102,10-06-2024,present
A3211,STU1213,C117,21-Aug-2024,ABSENT
A3212,STU1213,C124,25-Mar-2023,Absent
A3213,STU1213,C106,04-Jun-2024,A
A3214,STU1005,C117,20/04/2024,A
A3215,STU1005,C123,2024/01/18,late 
A3216,STU1005,C123,21-May-2024,P
A3217,STU1005,C119,2024/02/15,Present
A3218,STU1005,C107,13/08/2023,late 
A3219,STU1005,C108,10/02/2024,P
A3220,STU1179,C113,08/08/2024,A
A3221,STU1179,C109,2024-07-17,present
A3222,STU1179,C125,03-28-2023,late 
A3223,STU1179,C117,27/12/2023,Present
A3224,STU1179,C115,2024/06/08,A
A3225,STU1179,C114,06-Apr-2024,Late
A3226,STU1096,C112,05-24-2024,P
A3227,STU1096,C113,26/01/2023,late 
A3228,STU1096,C108,2023-09-29,A
A3229,STU1096,C103,2023/10/29,Absent
A3230,STU1096,C126,11/10/2023,Absent
A3231,STU1096,C104,03-15-2023,Present
A3232,STU1132,C107,08/12/2023,A
A3233,STU1132,C109,11-06-2023,ABSENT
A3234,STU1132,C123,10/09/2024,P
A3235,STU1132,C101,11-03-2023,A
A3236,STU1132,C126,18-Feb-2024,Present
A3237,STU1132,C116,2024/10/31,present
A3238,STU1132,C113,22/08/2023,ABSENT
A3239,STU1186,C108,2024/06/12,late 
A3240,STU1186,C124,04-17-2024,Absent
A3241,STU1186,C111,12-Jul-2023,Late
A3242,STU1186,C107,25-Mar-2024,Present
A3243,STU1186,C112,2023/05/23,present
A3244,STU1186,C110,10-Jan-2023,A
A3245,STU1167,C108,05-Mar-2024,Late
A3246,STU1167,C125,2024/12/08,P
A3247,STU1167,C111,2024-08-24,Present
A3248,STU1167,C105,06-07-2023,Late
A3249,STU1167,C113,29-Jul-2023,Absent
A3250,STU1203,C113,12-Jul-2023,Absent
A3251,STU1203,C111,06-Aug-2024,P
A3252,STU1203,C103,2023-06-25,present
A3253,STU1203,C102,2024/12/06,late 
A3254,STU1203,C101,11/07/2023,Absent
A3255,STU1203,C113,18/10/2023,ABSENT
A3256,STU1203,C110,2024/11/06,Absent
A3257,STU1014,C102,2024/01/13,Present
A3258,STU1014,C106,01-Dec-2023,Late
A3259,STU1014,C106,24/04/2023,Late
A3260,STU1014,C116,12-Mar-2023,ABSENT
A3261,STU1014,C105,07-30-2023,Late
A3262,STU1014,C127,27-Dec-2024,present
A3263,STU1007,C119,2023/11/14,ABSENT
A3264,STU1007,C117,02-Dec-2024,P
A3265,STU1007,C107,08/01/2023,late 
A3266,STU1007,C103,2024/02/13,ABSENT
A3267,STU1007,C117,2023/12/03,late 
A3268,STU1007,C115,2024/04/18,Present
A3269,STU1007,C124,04-04-2023,late 
A3270,STU1161,C123,12-29-2024,Late
A3271,STU1161,C120,29-Jun-2023,ABSENT
A3272,STU1161,C106,24-Sep-2024,late 
A3273,STU1161,C113,05/11/2024,Absent
A3274,STU1161,C113,2024-12-16,ABSENT
A3275,STU1064,C109,2024/10/05,P
A3276,STU1064,C122,10/03/2023,late 
A3277,STU1064,C114,2024-07-20,A
A3278,STU1064,C103,2023/04/18,A
A3279,STU1183,C115,06-18-2023,ABSENT
A3280,STU1183,C117,15-Feb-2023,Present
A3281,STU1183,C103,16-Oct-2024,Late
A3282,STU1183,C111,13/02/2024,Late
A3283,STU1183,C102,01-11-2023,Absent
A3284,STU1183,C123,05-20-2023,late 
A3285,STU1212,C115,2023-03-11,ABSENT
A3286,STU1212,C123,24/03/2024,late 
A3287,STU1212,C127,13/10/2023,present
A3288,STU1212,C127,2023/01/19,Absent
A3289,STU1212,C106,2023-10-29,Late
A3290,STU1212,C106,2023-03-21,P
A3291,STU1168,C115,02/01/2024,ABSENT
A3292,STU1168,C123,2023/02/05,ABSENT
A3293,STU1168,C115,2024-12-14,Absent
A3294,STU1168,C113,12-07-2024,late 
A3295,STU1227,C120,2023-01-05,Late
A3296,STU1227,C125,26/07/2023,A
A3297,STU1227,C108,2023-07-24,Present
A3298,STU1158,C101,01-15-2023,ABSENT
A3299,STU1158,C122,2024-11-16,ABSENT
A3300,STU1158,C104,11/11/2024,present
A3301,STU1158,C102,2024/03/01,Absent
A3302,STU1158,C127,12-01-2023,ABSENT
A3303,STU1158,C120,2023/08/01,Late
A3304,STU1126,C104,26/08/2023,Absent
A3305,STU1126,C112,28/11/2023,Present
A3306,STU1126,C113,10-31-2024,Present
A3307,STU1126,C113,06-Aug-2023,ABSENT
A3308,STU1126,C103,11-04-2024,A
A3309,STU1126,C102,10/03/2023,Late
A3310,STU1083,C125,05-Sep-2024,Absent
A3311,STU1083,C123,2024/07/03,present
A3312,STU1083,C109,2023/04/08,A
A3313,STU1083,C121,14-Dec-2024,present
A3314,STU1083,C111,06-29-2023,late 
A3315,STU1199,C111,2023/01/19,late 
A3316,STU1199,C113,07/06/2024,Present
A3317,STU1199,C108,2023/01/22,Absent
A3318,STU1029,C108,14/03/2024,Absent
A3319,STU1029,C102,05-21-2023,late 
A3320,STU1029,C110,26/07/2023,Late
A3321,STU1029,C107,2024-10-19,ABSENT
A3322,STU1029,C124,04-Sep-2024,A
A3323,STU1230,C109,2023-11-22,Late
A3324,STU1230,C121,2023-10-23,ABSENT
A3325,STU1230,C124,12-06-2023,ABSENT
A3326,STU1230,C107,2024-07-06,ABSENT
A3327,STU1229,C123,2023/08/16,Late
A3328,STU1229,C117,26/11/2023,late 
A3329,STU1229,C121,2023-01-07,late 
A3330,STU1229,C103,2023-07-17,present
A3331,STU1229,C107,2023-05-09,present
A3332,STU1229,C119,16/07/2024,ABSENT
A3333,STU1229,C117,22-Mar-2023,late 
A3334,STU1229,C110,18/06/2023,ABSENT
A3335,STU1170,C106,12/09/2024,P
A3336,STU1170,C110,13-Aug-2024,ABSENT
A3337,STU1170,C109,2024-05-07,A
A3338,STU1170,C113,22/01/2024,late 
A3339,STU1170,C115,2024/03/08,Late
A3340,STU1170,C125,09-Jun-2023,Present
A3341,STU1100,C114,03-27-2023,present
A3342,STU1100,C118,06-29-2023,Late
A3343,STU1100,C115,10-Nov-2023,P
A3344,STU1100,C113,2024/07/29,late 
A3345,STU1100,C103,08/12/2023,late 
A3346,STU1100,C107,08/06/2023,Present
A3347,STU1049,C117,19-Jan-2024,Late
A3348,STU1049,C114,02-09-2024,Late
A3349,STU1049,C116,2023/11/12,Absent
A3350,STU1052,C102,08-May-2023,present
A3351,STU1052,C107,03-22-2024,A
A3352,STU1052,C117,27-Dec-2024,A
A3353,STU1052,C123,01-Mar-2023,Late
A3354,STU1052,C124,10/09/2023,late 
A3355,STU1052,C102,2024-01-06,present
A3356,STU1058,C120,11/04/2024,P
A3357,STU1058,C108,2024/09/08,present
A3358,STU1058,C101,2023-04-30,Late
A3359,STU1058,C113,2024/12/24,Absent
A3360,STU1058,C117,13-Jul-2023,present
A3361,STU1220,C109,12-09-2024,Late
A3362,STU1220,C119,12-Nov-2023,Absent
A3363,STU1220,C104,2024/10/13,A
A3364,STU1220,C127,05-27-2023,ABSENT
A3365,STU1220,C124,02-12-2024,Present
A3366,STU1220,C106,2024-05-18,Absent
A3367,STU1040,C125,14-Dec-2024,Late
A3368,STU1040,C121,23-Oct-2023,present
A3369,STU1040,C106,19/01/2024,present
A3370,STU1191,C116,2023/07/06,Absent
A3371,STU1191,C115,03/08/2024,present
A3372,STU1191,C107,02/03/2023,ABSENT
A3373,STU1191,C109,23-Feb-2024,Absent
A3374,STU1003,C106,03-23-2023,Absent
A3375,STU1003,C113,05-08-2023,Absent
A3376,STU1003,C111,2023/01/31,ABSENT
A3377,STU1003,C116,2024-05-11,Present
A3378,STU1003,C102,2023-09-30,Present
A3379,STU1003,C104,2023/08/05,Present
A3380,STU1003,C113,2024/09/09,P
A3381,STU1003,C116,04-29-2024,Late
A3382,STU1201,C112,11-29-2024,A
A3383,STU1201,C127,09-03-2023,Late
A3384,STU1201,C113,2024-09-17,A
A3385,STU1201,C111,2023-04-13,late 
A3386,STU1201,C123,16/02/2024,Present
A3387,STU1110,C104,06-27-2024,ABSENT
A3388,STU1110,C112,2024/04/07,late 
A3389,STU1110,C117,28/02/2024,Present
A3390,STU1110,C121,2023-11-26,A
A3391,STU1110,C102,30-Nov-2023,ABSENT
A3392,STU1110,C120,11-May-2024,Absent
A3393,STU1110,C112,14-Mar-2024,Absent
A3394,STU1185,C113,2023/10/28,ABSENT
A3395,STU1185,C123,2023/05/27,Present
A3396,STU1185,C105,2024-05-24,P
A3397,STU1185,C127,2024/11/20,late 
A3398,STU1185,C106,2024-04-01,late 
A3399,STU1185,C122,07/07/2024,ABSENT
A3400,STU1185,C107,2023-06-24,Absent
A3401,STU1185,C114,30/01/2023,A
A3402,STU1091,C125,15/10/2023,P
A3403,STU1091,C122,2024-05-02,present
A3404,STU1091,C118,10-Oct-2024,Absent
A3405,STU1091,C126,12-09-2024,ABSENT
A3406,STU1091,C119,2024-09-07,A
A3407,STU1091,C113,2024/01/26,Late
A3408,STU1086,C108,2023-09-23,P
A3409,STU1086,C103,2023-04-25,A
A3410,STU1086,C124,29/08/2024,Absent
A3411,STU1086,C119,12/01/2024,A
A3412,STU1219,C119,01-02-2023,Present
A3413,STU1219,C119,02/07/2024,Late
A3414,STU1219,C114,11-24-2023,present
A3415,STU1219,C117,2024/11/10,ABSENT
A3416,STU1219,C104,2024-02-09,late 
A3417,STU1219,C111,05-29-2023,ABSENT
A3418,STU1142,C122,11/04/2024,P
A3419,STU1142,C105,2024-11-12,A
A3420,STU1142,C110,2024-05-29,P
A3421,STU1142,C123,10-Aug-2024,ABSENT
A3422,STU1142,C116,26-Oct-2023,Present
A3423,STU1142,C126,08/12/2023,ABSENT
A3424,STU1130,C126,2023-08-19,present
A3425,STU1130,C116,02-06-2024,present
A3426,STU1130,C101,15-Jul-2024,A
A3427,STU1130,C114,25-Nov-2024,A
A3428,STU1130,C125,05-Feb-2024,Absent
A3429,STU1130,C117,10-17-2023,ABSENT
A3430,STU1130,C123,15-Jul-2024,Absent
A3431,STU1130,C105,2023/11/28,Present
A3432,STU1039,C110,13/04/2024,present
A3433,STU1039,C115,13-Dec-2024,P
A3434,STU1039,C105,03/08/2023,ABSENT
A3435,STU1039,C124,2024-10-28,A
A3436,STU1039,C124,2024-08-12,present
A3437,STU1039,C113,13/03/2024,Present
A3438,STU1039,C104,31-Dec-2023,present
A3439,STU1039,C102,2023/05/01,A
A3440,STU1176,C114,02-Jun-2023,ABSENT
A3441,STU1176,C102,02/05/2023,Late
A3442,STU1176,C116,2023/11/06,present
A3443,STU1176,C121,2024-01-20,late 
A3444,STU1176,C127,27-Oct-2024,P
A3445,STU1176,C121,30-Oct-2024,A
A3446,STU1176,C101,2023-05-03,Absent
A3447,STU1041,C116,2024/10/18,ABSENT
A3448,STU1041,C101,2024/08/23,late 
A3449,STU1041,C109,2024-12-11,present
A3450,STU1231,C116,22-Oct-2024,P
A3451,STU1231,C119,2023-05-09,A
A3452,STU1231,C103,2024/12/31,present
A3453,STU1231,C113,2024-12-18,Late
A3454,STU1231,C118,2024/07/03,late 
A3455,STU1231,C103,2024/06/15,Absent
A3456,STU1105,C122,01/05/2023,present
A3457,STU1105,C101,22-Jul-2024,A
A3458,STU1105,C104,10/02/2023,ABSENT
A3459,STU1105,C121,2023-06-15,P
A3460,STU1112,C103,2023/05/08,P
A3461,STU1112,C112,11/07/2024,Late
A3462,STU1112,C122,01/01/2023,P
A3463,STU1032,C117,2023/10/28,late 
A3464,STU1032,C105,13-Aug-2024,A
A3465,STU1032,C117,2023/12/27,ABSENT
A3466,STU1016,C104,2024-11-09,ABSENT
A3467,STU1016,C102,12/07/2023,P
A3468,STU1016,C127,09/08/2023,ABSENT
A3469,STU1016,C119,01-03-2024,present
A3470,STU1016,C124,29-Sep-2024,Absent
A3471,STU1016,C118,09-19-2023,Late
A3472,STU1016,C121,17-Jun-2023,late 
A3473,STU1016,C103,18-Sep-2023,present
A3474,STU1136,C107,03-14-2023,ABSENT
A3475,STU1136,C123,2024/01/17,present
A3476,STU1136,C114,06-07-2023,Late
A3477,STU1136,C113,2023/01/27,ABSENT
A3478,STU1136,C103,2023-10-04,Absent
A3479,STU1136,C122,15-Jul-2024,Absent
A3480,STU1136,C111,2024-10-17,A
A3481,STU1069,C125,07/10/2023,ABSENT
A3482,STU1069,C109,2023-01-11,Late
A3483,STU1069,C108,2024-01-23,Absent
A3484,STU1069,C106,06-23-2024,late 
A3485,STU1069,C104,06-25-2024,P
A3486,STU1077,C109,2024-09-14,Present
A3487,STU1077,C106,22-Nov-2023,present
A3488,STU1077,C112,2024/11/25,Late
A3489,STU1077,C116,29/08/2024,P
A3490,STU1077,C101,2024/12/04,present
A3491,STU1077,C122,10/05/2023,Late
A3492,STU1077,C119,2023-10-01,A
A3493,STU1111,C125,2023/09/13,Late
A3494,STU1111,C123,13/04/2024,late 
A3495,STU1111,C112,2024/04/24,P
A3496,STU1111,C109,2024/03/14,ABSENT
A3497,STU1111,C110,2024-10-12,P
A3498,STU1111,C114,2023-11-17,Absent
A3499,STU1111,C103,2023-09-03,present
A3500,STU1111,C119,2023-02-28,P
A3501,STU1205,C116,11-Jan-2023,present
A3502,STU1205,C116,2024/05/24,Absent
A3503,STU1205,C113,2023/01/15,ABSENT
A3504,STU1205,C127,08-Jan-2023,A
A3505,STU1205,C108,2024/11/08,Present
A3506,STU1205,C120,04/04/2024,ABSENT
A3507,STU1205,C106,03-18-2023,present
A3508,STU1104,C112,22-Feb-2023,late 
A3509,STU1104,C113,06-24-2023,Absent
A3510,STU1104,C111,26/11/2024,Absent
A3511,STU1104,C110,03-Nov-2023,P
A3512,STU1104,C109,2023-08-07,Late
A3513,STU1104,C107,2023/11/09,Present
A3514,STU1104,C115,24-Sep-2024,Present
A3515,STU1187,C101,22-Sep-2024,A
A3516,STU1187,C110,2023-12-29,Present
A3517,STU1187,C112,10-Jul-2023,A
A3518,STU1187,C101,14-Apr-2023,late 
A3519,STU1187,C107,2023/03/28,present
A3520,STU1060,C104,2024-05-14,present
A3521,STU1060,C125,11-03-2024,ABSENT
A3522,STU1060,C116,02-09-2024,P
A3523,STU1060,C112,14/03/2024,P
A3524,STU1060,C104,25-Mar-2024,present
A3525,STU1060,C105,29-Dec-2023,Present
A3526,STU1009,C123,2023-07-23,ABSENT
A3527,STU1009,C110,11/02/2023,Late
A3528,STU1009,C114,2023-12-06,present
A3529,STU1009,C122,23-Jul-2023,P
A3530,STU1009,C104,07-Mar-2024,late 
A3531,STU1209,C123,05-11-2023,Late
A3532,STU1209,C117,03/02/2024,Absent
A3533,STU1209,C104,22/01/2023,present
A3534,STU1209,C112,2024-05-27,ABSENT
A3535,STU1209,C102,11-25-2024,Late
A3536,STU1209,C120,09-Jan-2023,late 
A3537,STU1209,C110,16-Oct-2023,Absent
A3538,STU1209,C125,15/03/2024,present
A3539,STU1206,C117,11/07/2023,P
A3540,STU1206,C125,04-28-2023,ABSENT
A3541,STU1206,C122,15/03/2024,late 
A3542,STU1206,C123,2023/04/16,present
A3543,STU1206,C107,28/08/2024,ABSENT
A3544,STU1206,C104,16-May-2023,Present
A3545,STU1206,C109,16/07/2023,Late
A3546,STU1206,C101,23/09/2024,Absent
A3547,STU1224,C113,2024/02/22,P
A3548,STU1224,C123,10/10/2024,ABSENT
A3549,STU1224,C111,12-Mar-2024,Present
A3550,STU1033,C114,2024-10-21,P
A3551,STU1033,C104,10-03-2023,P
A3552,STU1033,C112,29-Dec-2024,ABSENT
A3553,STU1033,C111,18/02/2023,Present
A3554,STU1033,C101,02-23-2023,ABSENT
A3555,STU1033,C110,04-28-2024,Absent
A3556,STU1033,C114,07-09-2023,late 
A3557,STU1037,C111,2023-11-08,Absent
A3558,STU1037,C122,2023/01/14,present
A3559,STU1037,C111,01-05-2024,A
A3560,STU1037,C108,10-27-2024,ABSENT
A3561,STU1037,C119,2024-01-29,Absent
A3562,STU1011,C121,2024-09-08,Present
A3563,STU1011,C119,01/11/2024,ABSENT
A3564,STU1011,C123,2024-04-01,Absent
A3565,STU1011,C118,09-25-2024,P
A3566,STU1156,C116,2023/07/26,present
A3567,STU1156,C102,11/05/2023,Late
A3568,STU1156,C118,12-29-2024,A
A3569,STU1156,C112,2024-04-04,Late
A3570,STU1156,C103,09-May-2024,Present
A3571,STU1156,C106,09-05-2024,present
A3572,STU1156,C110,2023/02/16,Present
A3573,STU1156,C126,11/12/2024,Late
A3574,STU1113,C122,2024/06/29,Absent
A3575,STU1113,C106,2024/03/24,Late
A3576,STU1113,C118,04-Feb-2024,P
A3577,STU1113,C107,2023-07-08,present
A3578,STU1113,C119,2023/08/12,Present
A3579,STU1113,C126,09-Jun-2024,P
A3580,STU1122,C108,10-31-2023,Absent
A3581,STU1122,C106,2023-08-18,ABSENT
A3582,STU1122,C110,10/02/2023,P
A3583,STU1122,C105,2023-10-04,ABSENT
A3584,STU1122,C127,2023/08/04,Absent
A3585,STU1054,C121,2023/12/22,A
A3586,STU1054,C111,2023/03/27,P
A3587,STU1054,C124,17-May-2023,P
A3588,STU1002,C102,2024-10-02,A
A3589,STU1002,C108,14/10/2023,P
A3590,STU1002,C101,2024/07/04,Absent
A3591,STU1002,C124,05-Dec-2024,P
A3592,STU1002,C121,2024/10/11,ABSENT
A3593,STU1198,C108,11-29-2023,ABSENT
A3594,STU1198,C119,06-Oct-2024,present
A3595,STU1198,C115,26-Aug-2023,A
A3596,STU1198,C105,2024-05-05,late 
A3597,STU1198,C106,15/04/2024,present
A3598,STU1198,C107,06-Aug-2024,present
A3599,STU1031,C110,01-22-2023,present
A3600,STU1031,C106,2024/02/08,ABSENT
A3601,STU1031,C103,2023-05-27,Late
A3602,STU1031,C108,10-Apr-2024,Absent
A3603,STU1031,C124,23/06/2024,Present
A3604,STU1031,C120,13-Apr-2023,Late
A3605,STU1031,C101,2023-04-23,Present
A3606,STU1031,C105,2023-09-12,P
A3607,STU1078,C121,2024-09-06,Present
A3608,STU1078,C126,2023/04/19,A
A3609,STU1078,C123,29/03/2023,present
A3610,STU1078,C116,30-Jul-2024,present
A3611,STU1123,C111,05/05/2024,ABSENT
A3612,STU1123,C102,07-10-2024,Absent
A3613,STU1123,C101,2023-02-15,P
A3614,STU1123,C104,07-Jun-2024,present
A3615,STU1123,C101,2023-08-18,ABSENT
A3616,STU1062,C113,05-31-2023,P
A3617,STU1062,C108,01-Dec-2024,Absent
A3618,STU1062,C116,2023-06-23,ABSENT
A3619,STU1062,C104,10-16-2023,Absent
A3620,STU1062,C120,2023-12-08,A
A3621,STU1062,C103,2023/02/14,present
A3622,STU1089,C114,06-27-2024,present
A3623,STU1089,C122,11/03/2024,P
A3624,STU1089,C120,10-21-2023,Absent
A3625,STU1089,C109,05-26-2024,P
A3626,STU1119,C126,2023-03-20,present
A3627,STU1119,C125,02/11/2024,A
A3628,STU1119,C105,04-Feb-2024,late 
A3629,STU1119,C127,2023-03-10,Late
A3630,STU1119,C124,13/10/2023,Absent
A3631,STU1119,C111,11/05/2023,Late
A3632,STU1119,C112,23-Nov-2023,Late
A3633,STU1119,C116,11-Dec-2024,A
A3634,STU1109,C126,31/10/2024,Late
A3635,STU1109,C114,16-Jul-2024,late 
A3636,STU1109,C118,03/07/2024,Late
A3637,STU1109,C103,17-Aug-2024,ABSENT
A3638,STU1093,C103,08-29-2023,Present
A3639,STU1093,C107,01-18-2023,late 
A3640,STU1093,C105,2023-04-23,A
A3641,STU1093,C112,05-23-2023,late 
A3642,STU1093,C105,18-Jul-2024,ABSENT
A3643,STU1093,C107,2023-08-18,present
A3644,STU1093,C104,13/12/2024,Late
A3645,STU1093,C124,27-Jan-2023,A
A3646,STU1144,C123,2023/04/19,Absent
A3647,STU1144,C116,31/08/2024,Present
A3648,STU1144,C105,10/01/2024,Absent
A3649,STU1215,C103,2023/01/13,Late
A3650,STU1215,C105,06-Jul-2023,present
A3651,STU1215,C124,06-24-2024,late 
A3652,STU1215,C114,12-Dec-2023,Present
A3653,STU1207,C104,2023-06-09,Present
A3654,STU1207,C120,2023/06/27,present
A3655,STU1207,C101,10-Feb-2024,late 
A3656,STU1207,C118,12-29-2024,P
A3657,STU1207,C123,21-Aug-2023,present
A3658,STU1115,C103,18-Jun-2024,present
A3659,STU1115,C124,05-Aug-2023,Present
A3660,STU1115,C108,06/02/2024,Absent
A3661,STU1115,C127,10-Dec-2024,late 
A3662,STU1115,C111,30-Oct-2024,Late
A3663,STU1061,C102,16-Jan-2024,ABSENT
A3664,STU1061,C109,2023-04-22,Absent
A3665,STU1061,C112,09-09-2024,Present
A3666,STU1061,C108,16/10/2023,Absent
A3667,STU1006,C107,2024-09-03,P
A3668,STU1006,C107,18/07/2024,Present
A3669,STU1006,C108,2023-10-03,Present
A3670,STU1211,C126,2024-05-10,Present
A3671,STU1211,C111,04-06-2023,Present
A3672,STU1211,C112,17-Oct-2023,ABSENT
A3673,STU1211,C111,02-05-2024,present
A3674,STU1211,C123,2024-11-21,A
A3675,STU1211,C114,2024-05-30,present
A3676,STU1211,C101,24-Aug-2024,late 
A3677,STU1125,C102,25/10/2023,present
A3678,STU1125,C122,2024-04-19,Absent
A3679,STU1125,C123,26/08/2023,present
A3680,STU1125,C125,2023/06/14,A
A3681,STU1125,C115,05-15-2023,P
A3682,STU1125,C112,30-Sep-2024,Present
A3683,STU1125,C123,30-Nov-2024,ABSENT
A3684,STU1204,C120,2024-09-13,present
A3685,STU1204,C119,04-Oct-2024,Absent
A3686,STU1204,C126,16/01/2023,P
A3687,STU1204,C118,31-Mar-2023,Absent
A3688,STU1218,C111,06-23-2023,present
A3689,STU1218,C103,2023/10/14,A
A3690,STU1218,C112,2023-04-02,present
A3691,STU1218,C123,04-16-2024,late 
A3692,STU1218,C109,28/03/2024,Absent
A3693,STU1218,C119,2024-05-14,A
A3694,STU1120,C113,2024/02/23,present
A3695,STU1120,C115,2024/01/11,A
A3696,STU1120,C112,27-Mar-2023,late 
A3697,STU1120,C109,2024-11-29,Present
A3698,STU1120,C124,2023/09/08,Present
A3699,STU1073,C104,25-Oct-2023,present
A3700,STU1073,C119,2024-02-13,ABSENT
A3701,STU1073,C113,2024-04-18,A
A3702,STU1073,C115,2024/04/24,late 
A3703,STU1194,C103,2023-07-04,Late
A3704,STU1194,C125,19/03/2024,Late
A3705,STU1194,C111,03-08-2023,A
A3706,STU1184,C116,06-Aug-2023,Absent
A3707,STU1184,C109,2024-04-10,present
A3708,STU1184,C116,30/05/2023,A
A3709,STU1184,C119,2023/02/02,Late
A3710,STU1184,C102,06-Jan-2024,late 
A3711,STU1184,C107,25/02/2023,Present
A3712,STU1184,C125,01-Dec-2024,P
A3713,STU1159,C121,2023-06-30,present
A3714,STU1159,C103,08-Oct-2023,Absent
A3715,STU1159,C110,30-Dec-2024,Late
A3716,STU1159,C117,08-08-2023,present
A3717,STU1159,C127,2023-02-25,Late
A3718,STU1196,C125,01/11/2023,ABSENT
A3719,STU1196,C112,05-Mar-2024,late 
A3720,STU1196,C118,06/12/2024,Late
A3721,STU1196,C112,2024/12/10,Late
A3722,STU1196,C127,2023/01/11,ABSENT
A3723,STU1127,C124,2024/11/14,present
A3724,STU1127,C111,11-11-2024,Present
A3725,STU1127,C105,14/04/2024,late 
A3726,STU1050,C104,21-Nov-2024,P
A3727,STU1050,C117,04-Jan-2023,present
A3728,STU1050,C121,2024/04/05,Absent
A3729,STU1050,C102,12/08/2023,Late
A3730,STU1050,C123,13/07/2024,Late
A3731,STU1208,C112,03/08/2023,Present
A3732,STU1208,C112,2024-01-08,P
A3733,STU1208,C110,2024-05-29,late 
A3734,STU1208,C121,11-Apr-2024,Late
A3735,STU1169,C112,09-Jul-2024,A
A3736,STU1169,C104,30-Jun-2023,Late
A3737,STU1169,C112,2023/07/01,present
A3738,STU1169,C118,22-Mar-2024,P
A3739,STU1169,C122,06-Dec-2024,P
A3740,STU1028,C120,2023-04-12,Absent
A3741,STU1028,C103,2024-10-27,Late
A3742,STU1028,C104,2024/05/23,Absent
A3743,STU1028,C121,2024/03/30,Present
A3744,STU1028,C122,24-Oct-2023,ABSENT
A3745,STU1028,C108,2024/04/10,Late
A3746,STU1028,C104,20-Jul-2023,Absent
A3747,STU1028,C112,20-Apr-2024,Late
A3748,STU1163,C112,2023/08/18,P
A3749,STU1163,C109,11-05-2024,P
A3750,STU1163,C127,29/02/2024,Present
A3751,STU1068,C102,2023-01-16,present
A3752,STU1068,C126,2024/01/19,A
A3753,STU1068,C111,2023/06/24,Late
A3754,STU1068,C108,23-Jul-2024,ABSENT
A3755,STU1068,C120,21-Oct-2024,Present
A3756,STU1068,C126,14-Aug-2024,present
A3757,STU1202,C113,27-Jun-2023,A
A3758,STU1202,C117,12-Jun-2023,ABSENT
A3759,STU1202,C104,28/12/2024,Absent
A3760,STU1202,C121,13-Aug-2024,P
A3761,STU1202,C127,20/07/2024,A
A3762,STU1202,C107,2023-04-06,Present
A3763,STU1202,C114,2023/01/12,present
A3764,STU1202,C101,2024/09/24,Absent
A3765,STU1178,C113,26/01/2023,late 
A3766,STU1178,C121,10-08-2024,present
A3767,STU1178,C108,30/10/2024,P
A3768,STU1178,C107,02/07/2024,Late
A3769,STU1178,C125,2023-09-24,P
A3770,STU1178,C103,2023-05-28,Absent
A3771,STU1178,C104,2024/04/15,Absent
A3772,STU1162,C105,10-17-2023,present
A3773,STU1162,C103,21-Mar-2023,A
A3774,STU1162,C127,01-Aug-2023,Absent
A3775,STU1221,C126,23-Jan-2023,Absent
A3776,STU1221,C116,2024-10-02,ABSENT
A3777,STU1221,C122,05-Mar-2024,A
A3778,STU1221,C121,06/04/2024,present
A3779,STU1221,C110,11/01/2023,Present
A3780,STU1221,C104,12-18-2023,late 
A3781,STU1017,C120,2024-07-13,present
A3782,STU1017,C117,2023-09-18,ABSENT
A3783,STU1017,C120,2023/01/31,Present
A3784,STU1017,C117,08/06/2024,ABSENT
A3785,STU1017,C112,28/04/2023,Present
A3786,STU1017,C111,22/05/2023,Absent
A3787,STU1017,C124,09/12/2024,P
A3788,STU1019,C116,2023-07-24,A
A3789,STU1019,C123,07-18-2024,late 
A3790,STU1019,C124,22-May-2024,Late
A3791,STU1019,C107,14/09/2023,ABSENT
A3792,STU1019,C122,15-Oct-2023,Absent
A3793,STU1131,C126,08-24-2024,present
A3794,STU1131,C126,30-Jul-2023,Late
A3795,STU1131,C115,2024/03/09,P
A3796,STU1131,C127,2023/11/23,Absent
A3797,STU1131,C120,28-Jan-2024,ABSENT
A3798,STU1131,C119,12-28-2023,Absent
A3799,STU1131,C115,2023-06-21,P
A3800,STU1008,C114,2023/10/28,A
A3801,STU1008,C113,2023-01-31,present
A3802,STU1008,C126,27-Nov-2023,present
A3803,STU1008,C112,2023-09-09,ABSENT
A3804,STU1008,C122,01-16-2024,present
A3805,STU1008,C125,2023-11-18,Present
A3806,STU1008,C111,2024-12-05,A
A3807,STU1214,C115,08-04-2024,ABSENT
A3808,STU1214,C118,09-Mar-2023,P
A3809,STU1214,C120,2023/08/06,ABSENT
A3810,STU1214,C104,07-28-2024,Absent
A3811,STU1045,C121,07-Mar-2024,A
A3812,STU1045,C127,24/11/2023,ABSENT
A3813,STU1045,C102,20-May-2024,Present
A3814,STU1045,C109,2024-03-07,Absent
A3815,STU1045,C115,2023/06/25,A
A3816,STU1045,C119,28/01/2024,Present
A3817,STU1045,C110,2023/01/19,Present
A3818,STU1114,C110,15-May-2023,Present
A3819,STU1114,C118,2024-06-24,A
A3820,STU1114,C121,2023-01-17,late 
A3821,STU1114,C104,03-01-2024,P
A3822,STU1114,C111,21-Dec-2023,Absent
A3823,STU1114,C118,17-Nov-2023,Present
A3824,STU1056,C110,14-Dec-2024,late 
A3825,STU1056,C121,05-05-2023,Absent
A3826,STU1056,C101,2023-08-18,Present
A3827,STU1056,C105,04-18-2023,Late
A3828,STU1056,C108,2023-06-24,ABSENT
A3829,STU1056,C124,2024/01/13,Present
A3830,STU1173,C102,2023-09-23,Absent
A3831,STU1173,C102,2023-11-08,P
A3832,STU1173,C111,2024/12/05,Late
A3833,STU1173,C109,16/12/2024,present
A3834,STU1173,C119,2024-04-16,present
A3835,STU1173,C111,2023/06/01,Late
A3836,STU1173,C121,2024-04-02,ABSENT
A3837,STU1173,C119,04-May-2024,P
A3330,STU1229,C103,2023-07-17,present
A3792,STU1019,C122,15-Oct-2023,Absent
A3749,STU1163,C109,11-05-2024,P
A3495,STU1111,C112,2024/04/24,P
A3232,STU1132,C107,08/12/2023,A
A3095,STU1051,C118,06-22-2023,present
A3271,STU1161,C120,29-Jun-2023,ABSENT
A3785,STU1017,C112,28/04/2023,Present
A3304,STU1126,C104,26/08/2023,Absent
A3729,STU1050,C102,12/08/2023,Late
